Year,A10,A11,A12,A13,A14,A16,A18,A20,A28,A29,A30,A31,A33,A34,A35,A40,A42,A43,A45,A46,A47,A48,A50,A53,A57,A60,A61,A62,A65,A66,A70,A73,A75,A79,A80,A81,A84,A85,A87,A88,A89,A90,A91,B01,B03,B04,B05,B06,B07,B08,B09,B12,B13,B14,B15,B17,B22,B23,B28,B30,B31,B33,B35,B36,B38,B41,B42,B43,B45,B47,B48,B50,B51,B52,B53,B54,B56,B57,B58,B61,B63,B65,B66,B67,B72,B76,B78,B80,B81,B82,B85,B86,B88,B90,B92,B94,B96,B97,B98,B99,C00,C01,C02,C03,C05,C06,C07,C10,C11,C13,C15,C16,C17,C18,C19,C24,C28,C33,C40,C41,C42,C43,C45,C48,C49,C52,C54,C55,C60,C65,C66,C67,C69,C70,C74,C75,C77,C79,C80,C82,C83,C84,C88,C89,C91,C92,C93,C95,C96,C97,D00,D02,D06,D07,D11,D12,D13,D15,D16,D17,D18,D19,D20,D22,D23,D24,D25,D26,D27,D29,D30,D31,D34,D35,D36,D37,D38,D39,D40,D41,D42,D43,D44,D45,D46,D48,D49,D50,D51,D52,D53,D56,D58,D62,D63,D65,D70,D72,D75,D76,D77,D82,D83,D84,D85,D87,D90,D91,D93,D94,D97,D99,E01,E04,E05,E07,E08,E11,E12,E13,E14,E15,E16,E17,E18,E20,E21,E25,E27,E32,E34,E36,E38,E39,E42,E51,E56,E59,E60,E61,E63,E68,E69,E70,E71,E73,E74,E81,E90,E92,E93,E94,E95,E97,E99
1931,0,0,0,0,1.0,0,0,0,0,0,0,0,0,0,0,0,0,0,0,0,0,0,0,0,0,0,0,0,0,0,0,0,0,0,0,0,0,0,0,0,0,0,0,0,0,0,0,0,0,0,0,0,0,0,0,0,0,0,0,0,0,0,0,0,0,0,0,0,0,0,0,0,0,0,0,0,0,0,0,0,0,0,0,0,0,0,0,0,0,0,0,0,0,0,0,0,0,0,0,0,0,0,0,0,0,0,0,0,0,0,0,0,0,0,0,0,0,0,0,0,0,0,0,0,0,0,0,0,0,0,0,0,0,0,0,0,0,0,0,0,0,0,0,0,0,0,0,0,0,0,0,0,0,0,0,0,0,0,0,0,0,0,0,0,0,0,0,0,0,0,0,0,0,0,0,0,0,0,0,0,0,0,0,0,0,0,0,0,0,0,0,0,0,0,0,0,0,0,0,0,0,0,0,0,0,0,0,0,0,0,0,0,0,0,0,0,0,0,0,0,0,0,0,0,0,0,0,0,0,0,0,0,0,0,0,0,0,0,0,0,0,0,0,0,0,0,0,0,0,0,0,0,0,0,0
1934,0,0,0,0,0,0,0,0,0,0,0,0,0,0,0,0,0,0,0,0,0,0,0,0,0,0,0,0,0,0,0,0,0,0,0,0,0,0,0,0,0,0,0,0,0,0,0,0,0,0,0,0,0,0,0,0,0,0,0,0,0,0,0,0,0,0,0,0,0,0,0,0,0,0,0,0,0,0,0,0,0,0,0,0,0,0,0,0,0,0,0,0,0,0,0,0,0,0,0,0,0,0,0,0,0,0,0,0,0,0,0,0,0,0,0,0,0,0,0,0,0,0,0,0,0,0,0,0,0,0,0,0,0,0,0,0,0,0,0,0,0,0,0,0,0,0,0,0,0,0,0,0,0,0,0,0,0,0,0,0,0,0,0,0,0,0,0,0,0,0,0,0,0,0,0,0,0,0,0,0,0,0,0,0,0,0,0,1.0,0,0,0,0,0,0,0,0,0,0,0,0,0,0,0,0,0,0,0,0,0,0,0,0,0,0,0,0,0,0,0,0,0,0,0,0,0,0,0,0,0,0,0,0,0,0,0,0,0,0,0,0,0,0,0,0,0,0,0,0,0,0,0,0,0,0,0
1935,0,1.0,0,0,0,0,0,0,0,0,0,0,0,0,0,0,0,0,0,0,0,0,0,0,0,0,0,0,0,0,0,0,0,0,0,0,0,0,0,0,0,0,0,0,0,0,0,0,0,0,0,0,0,0,0,0,0,0,0,0,0,0,0,0,0,0,0,0,0,0,0,0,0,0,0,0,0,0,0,0,0,0,0,0,0,0,0,0,0,0,0,0,0,0,0,0,0,0,0,0,0,0,0,0,0,0,0,0,0,0,0,0,0,0,0,0,0,0,0,0,0,0,0,0,0,0,0,0,0,0,0,0,0,0,0,0,0,0,0,0,0,0,0,0,0,0,0,0,0,0,0,0,0,0,0,0,0,0,0,0,0,0,0,0,0,0,0,0,0,0,0,0,0,0,0,0,0,0,0,0,0,0,0,0,0,0,0,0,0,0,0,0,0,0,0,0,0,0,0,0,0,0,0,0,0,0,0,0,0,0,0,0,0,0,0,0,0,0,0,0,0,0,0,0,0,0,0,0,0,0,0,0,0,0,0,0,0,0,0,0,0,0,0,0,0,0,0,0,0,0,0,0,0,0,0
1946,0,0,0,0,0,0,0,0,0,0,0,0,0,0,0,0,0,0,0,0,0,0,0,0,0,0,0,0,0,0,0,0,0,0,0,0,0,0,0,0,0,0,0,0,0,0,0,0,0,0,0,0,0,0,0,0,0,0,0,0,0,0,0,0,0,0,0,0,0,0,0,0,0,0,0,0,0,0,0,0,0,0,0,0,0,0,0,0,0,0,0,0,0,0,0,0,0,0,0,0,0,1.0,0,0,0,0,0,0,0,0,0,0,0,0,0,0,0,0,0,0,0,0,0,0,0,0,0,0,0,0,0,0,0,0,0,0,0,0,0,0,0,0,0,0,0,0,0,0,0,0,0,0,0,0,0,0,0,0,0,0,0,0,0,0,0,0,0,0,0,0,0,0,0,0,0,0,0,0,0,0,0,0,0,0,0,0,0,0,0,0,0,0,0,0,0,0,0,0,0,0,0,0,0,0,0,0,0,0,0,0,0,0,0,0,0,0,0,0,0,0,0,0,0,0,0,0,0,0,0,0,0,0,0,0,0,0,0,0,0,0,0,0,0,0,0,0,0,0,0,0,0,0,0,0,0
1948,0,0,0,0,0,0,0,0,0,0,0,0,0,0,0,0,0,0,0,0,0,0,0,0,0,0,0,0,0,0,0,0,0,0,0,0,0,0,0,0,0,0,0,0,0,0,0,0,0,0,0,0,0,0,0,0,0,0,0,0,0,0,0,0,0,0,0,0,0,0,0,0,0,0,0,0,0,0,0,0,0,0,0,0,0,0,0,0,0,0,0,0,0,0,0,0,0,0,0,0,0,0,0,0,0,0,0,0,0,0,0.5,0,0,0,0,0,0,0,0,0,0,0,0,0,0,0,0,0,0,0,0,0,0,0,0.5,0,0,0,0,0,0,0,0,0,0,0,0,0,0,0,0,0,0,0,0,0,0,0,0,0,0,0,0,0,0,0,0,0,0,0,0,0,0,0,0,0,0,0,0,0,0,0,0,0,0,0,0,0,0,0,0,0,0,0,0,0,0,0,0,0,0,0,0,0,0,0,0,0,0,0,0,0,0,0,0,0,0,0,0,0,0,0,0,0,0,0,0,0,0,0,0,0,0,0,0,0,0,0,0,0,0,0,0,0,0,0,0,0,0,0,0,0,0,0,0
1951,0,0,0,0,0,0,0,0,0,0,0,0,0,0,0,0,0,0,0,0,0,0,0,0,0,0,0,0,0,0,0,0,0,0,0,0,0,0,0,0,0,0,0,0,0,0,0,0,0,0,0,0,0,0,0,0,0,0,0,0,0,0,0,0,0,0,0,0,0,0,0,0,0,0,0,0,0,0,0,0,1.0,0,0,0,0,0,0,0,0,0,0,0,0,0,0,0,0,0,0,0,0,0,0,0,0,0,0,0,0,0,0,0,0,0,0,0,0,0,0,0,0,0,0,0,0,0,0,0,0,0,0,0,0,0,0,0,0,0,0,0,0,0,0,0,0,0,0,0,0,0,0,0,0,0,0,0,0,0,0,0,0,0,0,0,0,0,0,0,0,0,0,0,0,0,0,0,0,0,0,0,0,0,0,0,0,0,0,0,0,0,0,0,0,0,0,0,0,0,0,0,0,0,0,0,0,0,0,0,0,0,0,0,0,0,0,0,0,0,0,0,0,0,0,0,0,0,0,0,0,0,0,0,0,0,0,0,0,0,0,0,0,0,0,0,0,0,0,0,0,0,0,0,0,0,0
1957,0,0,0,0,0,0,0,0,0,0,0,0,0,0,0,0,0,0,0,0,0,0,0,0,0,0,0,0,0,0,0,0,0,0,0,0,0,0,0,0,0,0,0,0,0,0,0,0,0,0,0,0,0,0,0,0,0,0,0,0,0,0,0,0,0,0,0,0,0,0,0,0,0,0,0,0,0,0,0,0,0,0,0,0,0,0,0,0,0,0,0,0,0,0,0,0,0,0,0,0,0,0,0,0,0,0,0,0,0,0,0,0,0,0,0,0,0,0,0,0,0,0,0,0,0,0,0,0,0,0,0,0,0,0,0,0,0,0,0,0,0,0,0,0,0,0,0,0,0,0,0,0,0,0,0,0,0,0,0,0,0,0,0,0,0,0,0,0,0,0,0,0,0,0,0,0,0,0,1.0,0,0,0,0,0,0,0,0,0,0,0,0,0,0,0,0,0,0,0,0,0,0,0,0,0,0,0,0,0,0,0,0,0,0,0,0,0,0,0,0,0,0,0,0,0,0,0,0,0,0,0,0,0,0,0,0,0,0,0,0,0,0,0,0,0,0,0,0,0,0,0,0,0,0,0,0
1959,0,0,0,0,0,0,0,0,0,0,0,0,0,0,0,0,0,0,0,0,0,0,0,0,0,0,0,0,0,0,0,0,0,0,0,0,0,0,0,0,0,0,0,0,0,0,0,0,0,0,0,0,0,0,0,0,0,0,0,0,0,0,0,0,0,0,0,0,0,0,0,0,0,0,0,0,0,0,0,0,0,0,0,0,0,0,0,0,0,0,0,0,0,0,0,0,0,0,0,0,0,0,0,0,0,0,0,0,0,0,0,0,0,0,0,0,0,0,0,0,0,0,0,0,0,0,0,0,0,0,0,0,0,0,0,0,0,0,0,0,0,0,0,0,0,0,0,0,0,0,0,0,0,0,0,0,0,0,0,0,0,0,0,0,0,0,0,0,0,0,0,0,0,0,0,0,0,0,0,0,0,0,1.0,0,0,0,0,0,0,0,0,0,0,0,0,0,0,0,0,0,0,0,0,0,0,0,0,0,0,0,0,0,0,0,0,0,0,0,0,0,0,0,0,0,0,0,0,0,0,0,0,0,0,0,0,0,0,0,0,0,0,0,0,0,0,0,0,0,0,0,0,0,0,0,0
1977,0,0,0,0,0,0,0,0,0,0,0,0,0,0,0,0,0,0,0,0,0,0,0,0,0,0,0,0,0,0,0,0,0,0,0,0,0,0,0,0,0,0,0,0,0,0,0,0,0,0,0,0,0,0,0,0,0,0,0,0,0,0,0,0,0,0,0,0,0,0,0,0,0,0,0,0,0,0,0,0,0,0,0,0,0,0,0,0,0,0,0,0,0,0,0,0,0,0,0,0,0,0,0,0,0,0,0,0,0,0,0,0,0,0,0,0,0,0,0,0,0,0,0,0,0,0,0,0,0,0,0,0,0,0,0,0,0,0,0,0,0,0,0,0,0,0,0,0,0,0,0,0,0,0,0,0,0,0,0,0,0,0,0,0,0,0,0,0,0,0,0,0,0,0,0,0,0,0,0,0,0,0,0,0,0,0,0,0,0,0,0,0,0,0,0,0,0,0,0,0,0,0,0,0,0,0,0,0,0,0,0,0,0,0,0,0,0,0,0,0,0,0,0,0,0,0,0,0,0,0,0,0,0,0,0,0,1.0,0,0,0,0,0,0,0,0,0,0,0,0,0,0,0,0,0,0
1978,0,0,0,0,0,0,0,0,0,0,0,0,0,0,0,0,0,0,0,0,0,0,0,0,0,0,0,0,0,0,0,0,0,0,0,0,0,0,0,0,0,0,0,0,0,0,0,0,0,0,0,0,0,0,0,0,0,0,0,0,0,0,0,0,0,0,0,0,0,0,0,0,0,0,0,0,0,0,0,0,0,0,0,0,0,0,0,0,0,0,0,0,0,0,0,0,0,0,0,0,0,0,0,0,0,0,0,0,0,0,0,0,0,0,0,0,0,0,0,0,0,0,0,0,0,0,0,0,0,0,0,0,0,0,0,0,0,0,0,0,0,0,0,0,0,0,0,0,0,0,0,0,0,0,0,0,0,0,0,0,0,0,0,0,0,0,0,0,0,0,0,0,0,0,0,0,0,0,0,0,0,0,0,0,0,0,0,0,0,0,0,0,0,0,0,0,0,0,0,0,0,0,0,0,0,0,0,0,0,0,0,0,0,0,0,1.0,0,0,0,0,0,0,0,0,0,0,0,0,0,0,0,0,0,0,0,0,0,0,0,0,0,0,0,0,0,0,0,0,0,0,0,0,0,0,0
1979,0,0,0,0,0,0,0,0,0,0,0,0,0,0,0,0,0,0,0,0,0,0,0,0,0,0,0,0,0,0,0,0,0,0,0,0,0,0,0,0,0,0,0,0,0,0,1.0,0,0,0,0,0,0,0,0,0,0,0,0,0,0,0,0,0,0,0,0,0,0,0,0,0,0,0,0,0,0,0,0,0,0,0,0,0,0,0,0,0,0,0,0,0,0,0,0,0,0,0,0,0,0,0,0,0,0,0,0,0,0,0,0,0,0,0,0,0,0,0,0,0,0,0,0,0,0,0,0,0,0,0,0,0,0,0,0,0,0,0,0,0,0,0,0,0,0,0,0,0,0,0,0,0,0,0,0,0,0,0,0,0,0,0,0,0,0,0,0,0,0,0,0,0,0,0,0,0,0,0,0,0,0,0,0,0,0,0,0,0,0,0,0,0,0,0,0,0,0,0,0,0,0,0,0,0,0,0,0,0,0,0,0,0,0,0,0,0,0,0,0,0,0,0,0,0,0,0,0,0,0,0,0,0,0,0,0,0,0,0,0,0,0,0,0,0,0,0,0,0,0,0,0,0,0,0,0
1980,0,0,0,0,0,0,0,0,0,0,0,0,0,0,0,0,0,0,0,0,0,0,0,0,0,0,0,0,0,0,0,0,0,0,0,0,0,0,0,0,0,0,0,0,0,0,0,0,0,0,0,0,0,0,0,0,0,0,0,0,0,0,0,0,0,0,0,0,0,0,0,0,0,0,0,0,0,0,0,0,0,0,0,0,0,0,0,0,0,0.5,0,0,0,0,0,0,0,0,0,0,0,0,0,0,0,0,0,0,0,0,0,0,0,0,0,0,0,0,0,0,0,0,0,0,0,0,0,0,0,0,0,0,0,0,0,0,0,0,0,0,0,0,0,0,0,0,0,0,0,0,0,0,0,0,0,0,0,0,0,0,0,0,0,0,0,0,0,0,0,0,0,0,0,0,0,0,0,0,0,0,0,0,0,0,0,0,0,0,0,0,0,0,0,0,0,0,0,0,0,0,0,0,0,0,0,0,0,0,0,0,0,0,0,0,0,0,0,0,0,0,0,0,0.5,0,0,0,0,0,0,0,0,0,0,0,0,0,0,0,0,0,0,0,0,0,0,0,0,0,0,0,0,0,0,0,0
1984,0,0,0,0,0,0,0,1.0,0,0,0,0,0,0,0,0,0,0,0,0,0,0,0,0,0,0,0,0,0,0,0,0,0,0,0,0,0,0,0,0,0,0,0,0,0,0,0,0,0,0,0,0,0,0,0,0,0,0,0,0,0,0,0,0,0,0,0,0,0,0,0,0,0,0,0,0,0,0,0,0,0,0,0,0,0,0,0,0,0,0,0,0,0,0,0,0,0,0,0,0,0,0,0,0,0,0,0,0,0,0,0,0,0,0,0,0,0,0,0,0,0,0,0,0,0,0,0,0,0,0,0,0,0,0,0,0,0,0,0,0,0,0,0,0,0,0,0,0,0,0,0,0,0,0,0,0,0,0,0,0,0,0,0,0,0,0,0,0,0,0,0,0,0,0,0,0,0,0,0,0,0,0,0,0,0,0,0,0,0,0,0,0,0,0,0,0,0,0,0,0,0,0,0,0,0,0,0,0,0,0,0,0,0,0,0,0,0,0,0,0,0,0,0,0,0,0,0,0,0,0,0,0,0,0,0,0,0,0,0,0,0,0,0,0,0,0,0,0,0,0,0,0,0,0,0
1985,0,0,0,0,0.3333333333333333,0,0,0,0,0,0,0,0,0,0,0,0,0,0,0,0,0,0,0,0,0,0,0,0,0,0,0,0,0,0,0,0,0,0,0,0,0,0,0,0,0,0,0,0,0,0,0,0,0,0,0,0,0,0,0,0,0,0,0,0,0,0,0,0,0,0,0,0,0,0,0,0,0,0,0,0,0,0,0,0,0,0,0,0.3333333333333333,0.3333333333333333,0,0,0,0,0,0,0,0,0,0,0,0,0,0,0,0,0,0,0,0,0,0,0,0,0,0,0,0,0,0,0,0,0,0,0,0,0,0,0,0,0,0,0,0,0,0,0,0,0,0,0,0,0,0,0,0,0,0,0,0,0,0,0,0,0,0,0,0,0,0,0,0,0,0,0,0,0,0,0,0,0,0,0,0,0,0,0,0,0,0,0,0,0,0,0,0,0,0,0,0,0,0,0,0,0,0,0,0,0,0,0,0,0,0,0,0,0,0,0,0,0,0,0,0,0,0,0,0,0,0,0,0,0,0,0,0,0,0,0,0,0,0,0,0,0,0,0,0,0,0,0,0,0,0,0,0,0,0,0,0,0,0,0,0,0
1989,0,0,0,0,0,0,0,0,0,0,0,0,0,0,0,0,0,0,0,0,0,0,0,0,0,0,0,0,0,0,0,0,0,0,0,0,0,0,0,0,0,0,0,0,0,0,0,0,0,0,0,0,0,0,0,0,0,1.0,0,0,0,0,0,0,0,0,0,0,0,0,0,0,0,0,0,0,0,0,0,0,0,0,0,0,0,0,0,0,0,0,0,0,0,0,0,0,0,0,0,0,0,0,0,0,0,0,0,0,0,0,0,0,0,0,0,0,0,0,0,0,0,0,0,0,0,0,0,0,0,0,0,0,0,0,0,0,0,0,0,0,0,0,0,0,0,0,0,0,0,0,0,0,0,0,0,0,0,0,0,0,0,0,0,0,0,0,0,0,0,0,0,0,0,0,0,0,0,0,0,0,0,0,0,0,0,0,0,0,0,0,0,0,0,0,0,0,0,0,0,0,0,0,0,0,0,0,0,0,0,0,0,0,0,0,0,0,0,0,0,0,0,0,0,0,0,0,0,0,0,0,0,0,0,0,0,0,0,0,0,0,0,0,0,0,0,0,0,0,0,0,0,0,0,0,0
1991,0,0,0,0,0,0,0,0,0,0,0,0,0,0,0,0,0,0,0,0,0,0,0,0,0,0,0,0,0,0,0,0,0,0,0,0,0,0,0,0,0,0,0,0,0,0,0,0,0,0,0,0,0,0,0,0,0,0,0,0,0,0,0,0,0,0,0,0,0,0,0,0,0,0,0,0,0,0,0,0,0,0,0,0,0,0,0,0,0,0,0,0,0,0,0,0,0,0,0,0,0,0,0,0,0,0,0,0,0,0,0,0,0,0,0,0,0,0,0,0,0,0,0,0,0,0,0,0,0,0,0,0,0,0,0,0,0,0,0,0,0,0,0,0,0,0,0,0,0,0,0,0,0,0,0,0,0,0,0,0,0,0,0,0,0,0,0,0,0,0,0,0,0,0,0,0,0,0,0,0,0,0,0,0,0,0,0,0,0,0,0,0,0,0,0,0,0,0,0,0,0,0,0,0,0,0,0,1.0,0,0,0,0,0,0,0,0,0,0,0,0,0,0,0,0,0,0,0,0,0,0,0,0,0,0,0,0,0,0,0,0,0,0,0,0,0,0,0,0,0,0,0,0,0,0,0
1992,0,0,0,0,0,0,0,0,0,0,0,0,0,0,0,0,0,0,0,0,0,0,0,0,0,0,0,0,0,0,0,0,0,0,0,0,0,0,0,0,0,0,0,0,0,0,0,0,0,0,0,0,0,0,0,0,0,0,0,0,0,0,0,0,0,0,0,0,0,0,0,0,0,0,0,0,0,0,0,0,0,0,0,0,0,0,0,0,0,0,0,0,0,0,0,0,0,0,0,0,0,0,0,0,0,0,0,0,0,0,0,0,0,0,0,0,0,0,0,0,0,0,0,0,0,0,0,0,0,0,0,0,0,0,0,0,0,0,0,0,0,0,0,0,0,0,0.3333333333333333,0,0,0,0,0,0,0,0,0,0,0,0,0,0,0,0,0,0,0,0,0,0,0,0,0,0,0,0,0,0,0,0,0,0,0,0,0,0,0,0,0,0,0,0,0,0,0,0,0,0,0,0,0,0,0,0,0,0,0,0,0,0,0,0,0,0,0,0,0,0,0,0,0,0,0,0,0,0,0,0,0,0,0.3333333333333333,0,0,0,0.3333333333333333,0,0,0,0,0,0,0,0,0,0,0,0,0,0,0,0,0,0,0,0,0
1993,0,0.1111111111111111,0,0,0,0,0,0,0,0,0,0,0,0,0,0,0.1111111111111111,0,0,0,0,0,0,0,0,0,0,0,0,0,0,0,0,0,0,0,0,0,0,0,0,0,0,0,0,0,0,0.1111111111111111,0.1111111111111111,0,0,0,0,0,0,0,0,0,0,0,0,0,0,0,0,0,0,0,0,0,0,0,0,0,0,0,0,0,0,0,0.1111111111111111,0,0,0,0,0,0,0,0,0,0,0,0,0,0,0,0,0,0,0,0,0,0,0,0,0,0,0,0,0,0,0,0,0,0,0,0,0,0.1111111111111111,0,0,0,0,0,0,0,0,0,0,0,0,0,0,0,0,0,0,0,0,0,0,0,0,0,0,0,0,0,0,0,0,0,0,0,0,0,0,0,0,0,0,0,0,0,0,0,0,0,0,0,0,0,0,0,0,0,0,0.1111111111111111,0,0,0,0,0,0,0,0,0,0,0,0,0,0,0,0,0,0,0,0,0,0,0,0,0,0,0,0,0,0,0,0,0,0,0,0,0,0,0,0,0,0,0,0,0,0,0,0,0,0,0,0,0,0,0,0,0,0,0,0,0,0,0,0,0,0,0,0,0,0,0,0,0,0.2222222222222222,0,0,0
1994,0,0,0,0,0,0,0,0,0,0,0,0,0,0,0,0,0,0,0,0,0,0,0,0,0,0,0,0,0,0,0,0,0,0,0,0,0,0,0,0,0,0,0,0,0,0,0,0,0,0,0,0,0,0,0,0,0.07692307692307693,0,0,0,0,0,0,0,0,0,0,0,0,0,0,0,0,0,0,0,0,0,0.07692307692307693,0,0,0,0,0,0,0,0,0,0,0,0,0,0,0,0,0,0,0,0,0,0,0,0,0,0,0,0,0,0.07692307692307693,0,0,0,0,0.07692307692307693,0,0,0,0,0,0,0,0,0,0,0,0,0,0,0,0,0,0,0,0,0,0,0,0,0,0,0,0,0,0,0,0,0,0,0,0,0,0,0,0,0,0,0,0,0,0,0.07692307692307693,0,0,0,0,0,0,0,0,0.07692307692307693,0,0,0,0,0,0,0,0,0,0,0,0,0,0,0,0,0,0,0,0.07692307692307693,0,0,0,0,0,0,0,0,0,0,0,0,0,0,0,0,0,0,0,0,0,0,0,0,0,0,0,0.15384615384615385,0,0.07692307692307693,0,0,0,0,0,0,0,0,0,0,0,0,0,0,0,0,0,0,0,0,0,0,0,0.15384615384615385,0.07692307692307693,0,0,0,0,0,0,0,0,0,0
1995,0,0,0,0,0,0,0,0,0,0,0,0,0,0,0,0,0,0,0,0,0,0,0,0,0,0,0,0,0,0,0,0,0,0,0,0,0,0,0,0,0,0,0,0,0,0,0,0,0,0,0,0,0,0,0,0,0,0,0,0,0,0,0,0,0,0,0,0,0,0,0,0,0,0,0,0,0,0,0,0,0,0,0,0,0,0,0,0,0,0,0,0,0,0,0,0,0,0,0,0,0,0,0,0,0,0,0,0,0,0,0,0,0,0,0,0,0,0,0,0,0,0,0,0,0,0,0,0,0,0,0,0,0,0,0,0,0,0,0,0,0,0,0,0,0,0,0,0,0,0,0,0,0,0,0,0,0,0,0,0,0,0,0,0,0,0,0,0,0,0,0,0.5,0,0,0,0,0,0,0,0,0,0,0,0,0,0,0,0,0,0,0,0,0,0,0,0,0,0,0,0,0,0,0,0,0,0,0,0,0,0,0,0,0,0,0,0,0,0,0,0,0.5,0,0,0,0,0,0,0,0,0,0,0,0,0,0,0,0,0,0,0,0,0,0,0,0,0,0,0,0,0,0,0,0,0,0
1996,0.05555555555555555,0,0,0,0,0,0,0,0,0,0.1111111111111111,0,0,0,0,0,0,0,0,0,0,0.05555555555555555,0,0,0,0,0,0,0,0,0,0,0,0,0,0,0,0,0,0,0,0,0,0,0,0,0,0,0,0,0,0.05555555555555555,0,0,0,0,0.05555555555555555,0,0,0,0,0,0,0,0.05555555555555555,0,0,0,0,0,0,0,0,0,0,0,0,0,0,0,0,0,0,0,0,0,0,0,0.05555555555555555,0,0,0,0,0,0,0,0,0,0,0,0,0,0,0,0,0,0,0,0.05555555555555555,0,0,0,0,0,0,0,0,0,0,0,0,0,0,0,0,0,0,0,0,0,0,0,0,0,0,0,0,0,0,0,0,0,0,0,0,0,0,0,0,0,0,0,0,0,0,0,0,0,0,0,0,0,0,0,0,0.05555555555555555,0,0,0,0,0,0,0,0,0,0,0,0,0,0.05555555555555555,0,0,0,0,0,0,0,0,0,0,0,0,0,0,0,0,0,0,0,0,0,0,0,0,0,0,0,0,0,0,0,0.05555555555555555,0,0,0,0,0,0,0,0,0,0.05555555555555555,0,0,0,0,0,0,0,0,0.05555555555555555,0,0,0,0,0,0,0,0,0,0,0.05555555555555555,0.05555555555555555,0,0,0.05555555555555555,0,0,0,0,0,0,0,0.05555555555555555,0
1997,0,0,0,0,0,0,0,0,0.017543859649122806,0,0.017543859649122806,0,0,0,0.017543859649122806,0,0,0,0,0,0,0,0,0,0,0,0,0,0,0,0,0,0,0,0.017543859649122806,0.017543859649122806,0,0,0,0.017543859649122806,0,0,0.017543859649122806,0.05263157894736842,0,0,0,0.03508771929824561,0.03508771929824561,0.017543859649122806,0.017543859649122806,0.03508771929824561,0,0,0,0,0.03508771929824561,0,0,0.017543859649122806,0,0,0,0,0.03508771929824561,0,0,0,0,0,0,0.017543859649122806,0.017543859649122806,0.017543859649122806,0,0,0,0,0,0,0,0,0.03508771929824561,0,0.017543859649122806,0,0,0,0,0,0,0,0,0,0.017543859649122806,0,0.017543859649122806,0,0,0.017543859649122806,0,0,0,0,0,0,0,0,0,0.03508771929824561,0,0.017543859649122806,0,0,0,0,0,0,0,0,0,0,0.03508771929824561,0.017543859649122806,0.017543859649122806,0,0,0,0,0,0,0,0,0,0,0,0,0,0,0.017543859649122806,0,0,0,0.017543859649122806,0.017543859649122806,0,0,0,0,0,0,0,0,0,0.017543859649122806,0,0,0,0,0,0,0,0,0,0,0,0,0,0,0,0.05263157894736842,0,0.017543859649122806,0.017543859649122806,0,0.017543859649122806,0,0,0.017543859649122806,0.017543859649122806,0,0,0,0,0.017543859649122806,0.017543859649122806,0,0,0,0,0,0,0,0.017543859649122806,0,0,0,0,0,0,0,0,0,0,0,0,0,0,0,0,0,0,0,0,0,0,0,0,0,0,0,0.017543859649122806,0,0,0,0,0,0,0,0.017543859649122806,0,0,0,0,0,0,0,0,0,0.017543859649122806,0,0,0,0,0,0,0,0,0,0,0,0,0,0,0
1998,0,0,0,0,0,0,0,0,0,0,0,0,0,0,0,0,0,0,0,0,0,0,0,0.01818181818181818,0,0,0,0,0,0,0.01818181818181818,0,0,0,0,0,0,0,0.01818181818181818,0,0,0.01818181818181818,0,0.01818181818181818,0.01818181818181818,0,0,0,0.01818181818181818,0,0,0,0.01818181818181818,0,0,0,0.03636363636363636,0.01818181818181818,0,0,0,0,0.01818181818181818,0,0,0,0,0.03636363636363636,0,0.01818181818181818,0,0,0,0,0,0,0,0,0,0,0,0,0,0,0,0,0,0,0.01818181818181818,0,0.01818181818181818,0,0,0,0,0,0,0,0,0.03636363636363636,0.01818181818181818,0,0,0,0,0,0,0.03636363636363636,0,0,0,0,0,0,0,0,0,0,0,0,0,0,0.01818181818181818,0.01818181818181818,0,0,0,0,0,0,0,0,0,0,0,0,0,0,0,0.01818181818181818,0,0,0,0,0,0,0,0,0,0,0.01818181818181818,0,0,0.01818181818181818,0,0,0,0,0,0,0,0,0.03636363636363636,0,0,0,0,0.03636363636363636,0,0,0.03636363636363636,0.01818181818181818,0,0,0.03636363636363636,0.01818181818181818,0,0,0,0.01818181818181818,0.01818181818181818,0,0,0.01818181818181818,0,0,0,0.01818181818181818,0,0.01818181818181818,0,0,0,0.01818181818181818,0,0,0,0,0,0,0.01818181818181818,0,0,0,0.03636363636363636,0,0,0,0,0,0,0,0,0,0,0,0,0,0,0,0,0.05454545454545454,0,0,0,0,0,0,0,0.01818181818181818,0,0,0,0,0,0,0,0,0.01818181818181818,0,0.01818181818181818,0,0.01818181818181818,0,0,0,0,0,0,0,0,0.01818181818181818,0,0,0.01818181818181818
1999,0,0,0,0,0,0,0,0,0,0,0,0,0,0,0,0,0,0,0,0,0,0,0,0,0,0,0,0,0,0,0,0,0,0,0,0.022222222222222223,0.022222222222222223,0.022222222222222223,0,0,0,0,0,0,0,0,0,0,0,0.022222222222222223,0,0.022222222222222223,0,0.022222222222222223,0,0.022222222222222223,0,0,0,0.022222222222222223,0,0,0.022222222222222223,0,0,0,0,0,0,0,0,0,0,0.022222222222222223,0,0,0.022222222222222223,0.044444444444444446,0,0.022222222222222223,0,0.044444444444444446,0.08888888888888889,0,0,0,0,0.06666666666666667,0.044444444444444446,0,0.022222222222222223,0,0.022222222222222223,0,0,0,0,0,0.022222222222222223,0,0,0,0,0,0,0,0,0,0,0,0,0,0,0,0,0,0,0,0,0,0,0,0,0.022222222222222223,0,0,0,0,0,0.022222222222222223,0,0,0,0,0,0,0,0,0,0,0,0,0,0.044444444444444446,0,0,0,0,0,0,0,0.022222222222222223,0,0,0,0,0,0,0,0,0,0,0.022222222222222223,0.022222222222222223,0,0,0,0.022222222222222223,0.022222222222222223,0,0.044444444444444446,0,0,0,0,0,0,0,0,0,0,0.022222222222222223,0,0,0,0,0,0,0,0,0,0,0,0,0.022222222222222223,0.022222222222222223,0,0,0,0,0,0,0,0,0.022222222222222223,0,0,0,0,0,0,0,0,0,0,0,0,0,0,0,0,0,0,0,0,0.022222222222222223,0,0,0,0,0,0,0,0,0,0,0,0,0,0,0,0,0,0,0,0,0,0,0,0,0,0.022222222222222223,0,0,0
2000,0,0,0,0,0,0,0,0,0,0,0,0,0,0,0,0,0,0,0.03225806451612903,0.03225806451612903,0,0,0,0,0,0,0,0,0,0,0,0,0,0,0,0.03225806451612903,0,0.03225806451612903,0,0,0,0,0,0,0,0,0,0,0,0,0,0.03225806451612903,0,0,0,0,0,0,0,0,0.03225806451612903,0,0,0,0,0,0,0,0,0,0,0,0,0,0,0,0,0.03225806451612903,0,0,0.03225806451612903,0,0.0967741935483871,0,0,0,0,0.03225806451612903,0,0,0,0,0,0.03225806451612903,0,0,0,0,0,0,0,0,0,0,0,0,0,0,0,0,0,0,0,0,0,0,0,0,0,0,0,0,0.03225806451612903,0,0,0,0,0,0,0,0,0,0,0,0,0,0,0,0,0,0,0,0,0,0,0,0,0,0,0,0,0.03225806451612903,0,0.03225806451612903,0,0.03225806451612903,0,0,0,0,0,0,0,0,0,0,0.03225806451612903,0,0,0,0.12903225806451613,0,0,0,0,0,0,0,0,0.06451612903225806,0,0,0,0,0,0,0,0,0,0.03225806451612903,0.03225806451612903,0,0.03225806451612903,0,0.03225806451612903,0,0,0,0,0,0,0.03225806451612903,0,0,0,0,0,0,0,0,0,0,0,0,0,0,0,0,0,0,0,0,0,0,0,0,0,0,0,0,0,0,0,0,0,0,0,0,0,0,0,0,0,0,0,0,0,0,0,0,0.06451612903225806,0,0,0,0
2001,0,0,0,0,0,0,0,0,0,0,0,0,0,0,0,0.08333333333333333,0,0,0,0,0.08333333333333333,0,0,0,0,0,0,0,0,0,0,0,0,0,0,0,0,0,0,0,0,0,0,0,0,0,0,0,0,0,0,0.08333333333333333,0,0,0,0,0,0.08333333333333333,0,0.08333333333333333,0,0,0,0,0,0,0,0,0,0,0,0,0,0,0,0,0,0,0,0,0,0,0.08333333333333333,0,0,0,0,0,0,0,0,0,0,0,0,0,0,0,0,0,0,0,0,0,0,0,0,0,0,0,0,0,0,0,0,0,0,0,0,0,0,0,0,0,0,0,0,0,0,0,0,0,0,0,0,0,0,0,0,0,0,0,0,0,0,0,0,0,0,0,0,0,0,0,0,0,0,0,0,0,0,0,0,0,0,0,0,0.08333333333333333,0.08333333333333333,0,0.16666666666666666,0,0,0,0,0,0,0,0,0,0,0,0,0,0,0,0,0,0,0,0,0,0,0,0,0,0,0,0,0,0,0,0,0,0,0,0,0,0,0,0,0,0,0,0,0,0,0,0,0,0,0,0,0,0,0,0,0,0,0,0,0,0,0,0,0,0,0,0,0,0,0,0,0,0,0,0,0,0,0,0,0.08333333333333333,0,0,0.08333333333333333
2002,0,0,0,0,0,0,0,0,0,0,0,0,0,0,0,0,0,0,0,0,0,0,0,0,0.034482758620689655,0,0.06896551724137931,0.034482758620689655,0,0.034482758620689655,0,0,0.034482758620689655,0,0,0,0,0,0,0,0,0,0,0.034482758620689655,0,0,0,0,0,0,0,0,0,0,0,0,0,0,0,0.034482758620689655,0,0,0,0,0.06896551724137931,0,0.034482758620689655,0,0.034482758620689655,0,0,0,0,0.034482758620689655,0.034482758620689655,0.034482758620689655,0,0,0,0,0,0,0,0,0,0,0,0,0,0,0,0,0,0,0,0,0,0,0,0,0,0,0,0,0,0.034482758620689655,0,0.034482758620689655,0,0,0,0,0,0,0,0,0.034482758620689655,0,0,0,0,0,0,0,0,0,0,0,0,0,0,0,0.034482758620689655,0,0,0,0,0,0,0,0,0,0,0,0,0,0,0,0,0,0,0,0,0,0,0,0,0,0,0,0,0,0,0,0,0,0,0,0,0,0,0,0,0,0,0,0,0,0,0,0,0,0,0,0,0,0,0,0.034482758620689655,0,0,0,0,0,0,0,0,0,0,0,0,0,0,0,0.06896551724137931,0,0,0,0,0,0,0,0.034482758620689655,0,0,0,0,0,0.034482758620689655,0,0,0.034482758620689655,0,0,0,0,0,0,0.034482758620689655,0,0,0,0,0,0,0,0,0.034482758620689655,0,0,0,0,0,0,0,0,0,0.034482758620689655,0,0.034482758620689655,0,0,0,0,0
2003,0,0,0,0,0,0,0,0,0,0,0,0,0,0,0,0,0,0,0,0,0,0,0,0,0,0,0,0,0,0,0,0,0,0,0,0,0,0,0.07142857142857142,0,0,0,0,0,0,0,0,0.07142857142857142,0.07142857142857142,0,0,0,0,0,0,0,0,0,0,0.07142857142857142,0.07142857142857142,0.07142857142857142,0,0.07142857142857142,0,0,0,0,0,0,0,0,0,0,0,0,0,0,0,0,0,0,0,0,0,0,0,0,0,0,0,0,0,0,0,0,0,0,0,0,0,0,0,0,0,0,0,0,0,0,0,0,0,0,0,0,0,0,0,0,0,0,0,0,0,0,0.07142857142857142,0,0,0,0,0,0,0,0,0,0,0,0,0,0,0,0,0,0,0,0,0,0,0,0,0,0,0,0,0,0,0.07142857142857142,0,0,0,0,0,0,0,0,0,0,0,0,0,0,0,0,0,0,0,0,0,0,0,0,0,0,0,0,0,0,0,0,0,0,0,0,0,0,0,0,0,0,0,0,0,0,0.07142857142857142,0,0,0,0,0,0,0,0,0,0,0,0,0,0,0,0,0,0,0,0,0,0,0,0,0.14285714285714285,0.07142857142857142,0,0,0,0,0,0,0,0,0,0,0,0,0,0,0,0.07142857142857142,0,0,0,0,0,0,0,0
2004,0,0,0,0,0,0,0,0,0,0,0.03225806451612903,0.03225806451612903,0,0,0,0,0,0,0,0,0,0,0,0,0,0,0.03225806451612903,0,0.06451612903225806,0,0.03225806451612903,0.03225806451612903,0.03225806451612903,0.03225806451612903,0,0,0,0,0,0,0.03225806451612903,0,0,0.03225806451612903,0,0,0,0.03225806451612903,0,0.03225806451612903,0,0,0,0,0.06451612903225806,0,0,0,0,0,0,0,0,0,0.03225806451612903,0,0,0,0,0,0.03225806451612903,0,0,0,0,0,0,0,0,0,0,0,0,0,0,0,0,0,0,0,0.03225806451612903,0,0,0,0,0,0,0,0,0,0,0,0.03225806451612903,0,0,0.06451612903225806,0,0,0,0,0,0,0,0.03225806451612903,0,0,0,0,0,0,0,0,0,0,0,0,0,0,0,0,0,0,0,0,0,0,0,0,0.03225806451612903,0,0,0,0,0,0,0,0,0,0,0,0,0,0,0,0,0,0,0,0,0,0,0,0,0,0,0,0,0,0,0,0,0,0,0,0,0,0,0,0,0,0,0,0,0,0,0,0,0,0,0,0,0,0,0,0,0,0,0,0,0,0,0,0,0.03225806451612903,0,0,0,0,0,0,0,0,0,0,0,0,0,0,0,0,0,0,0,0,0,0,0,0,0,0.0967741935483871,0.03225806451612903,0,0.03225806451612903,0.03225806451612903,0,0,0,0,0,0,0.03225806451612903,0,0,0,0,0,0,0,0,0,0,0,0,0,0
2005,0,0,0.017543859649122806,0,0,0,0,0,0,0,0,0,0,0,0,0,0,0.017543859649122806,0,0,0,0,0,0,0,0,0.03508771929824561,0.05263157894736842,0,0,0.03508771929824561,0,0.03508771929824561,0.017543859649122806,0,0,0.017543859649122806,0,0.017543859649122806,0,0,0,0,0,0,0,0,0,0.017543859649122806,0,0,0.05263157894736842,0,0,0,0,0,0,0.017543859649122806,0,0.03508771929824561,0,0,0,0,0,0,0,0,0,0,0,0.017543859649122806,0,0,0,0,0,0,0,0.017543859649122806,0,0,0.017543859649122806,0,0,0,0,0,0,0,0,0,0,0,0,0,0,0,0,0.017543859649122806,0,0.03508771929824561,0,0,0,0.017543859649122806,0.017543859649122806,0.017543859649122806,0,0,0,0,0,0.03508771929824561,0,0,0,0,0.017543859649122806,0,0,0.017543859649122806,0,0,0.017543859649122806,0.017543859649122806,0.017543859649122806,0,0,0.017543859649122806,0,0,0,0,0.017543859649122806,0,0,0,0,0.017543859649122806,0,0,0,0,0,0.017543859649122806,0,0,0,0,0,0,0,0,0,0.017543859649122806,0,0,0.017543859649122806,0,0.017543859649122806,0,0,0,0,0,0,0.017543859649122806,0,0,0,0,0,0,0,0,0,0,0,0,0,0,0.017543859649122806,0,0,0,0,0,0,0,0,0,0,0,0,0,0,0,0.017543859649122806,0,0,0,0,0,0,0,0,0,0.017543859649122806,0,0,0,0,0,0,0,0,0,0,0,0.03508771929824561,0,0,0,0,0,0,0,0.017543859649122806,0.017543859649122806,0.017543859649122806,0,0.03508771929824561,0,0,0,0,0,0,0,0,0,0,0,0,0,0,0,0,0,0.017543859649122806,0,0.017543859649122806,0
2006,0,0,0,0,0,0,0,0,0,0,0,0,0,0,0,0,0,0,0,0,0,0,0,0,0,0,0,0,0,0,0,0,0,0,0,0,0,0,0,0,0,0,0,0,0,0,0,0,0,0,0,0.25,0,0,0,0,0,0,0,0,0,0,0,0,0,0,0,0,0,0,0,0,0,0,0,0,0,0,0,0,0,0,0,0,0,0,0,0,0,0,0,0.25,0,0,0,0,0,0,0,0,0,0,0,0.25,0,0,0,0,0,0,0,0,0,0,0,0,0,0,0,0,0,0,0,0,0,0,0,0,0,0,0,0,0,0,0,0,0,0,0,0,0,0,0,0,0,0.25,0,0,0,0,0,0,0,0,0,0,0,0,0,0,0,0,0,0,0,0,0,0,0,0,0,0,0,0,0,0,0,0,0,0,0,0,0,0,0,0,0,0,0,0,0,0,0,0,0,0,0,0,0,0,0,0,0,0,0,0,0,0,0,0,0,0,0,0,0,0,0,0,0,0,0,0,0,0,0,0,0,0,0,0,0,0,0,0,0,0,0,0,0,0,0,0,0,0,0,0,0,0,0,0,0,0,0,0,0
2007,0,0,0,0,0,0,0,0,0,0,0,0,0,0,0,0,0,0,0,0,0,0,0,0,0,0,0,0,0,0,0,0,0,0,0,0,0,0,0,0,0,0,0,0,0,0,0,0,0,0,0,0,0,0,0,0.07692307692307693,0,0,0,0,0,0,0,0,0,0,0,0,0,0,0,0,0,0,0,0,0,0,0,0,0,0,0,0,0,0,0,0,0,0,0,0,0,0,0,0,0,0,0,0,0,0,0,0,0,0,0,0,0,0,0,0,0,0,0,0,0,0,0,0,0,0,0,0,0,0,0,0,0,0,0,0,0,0,0,0,0,0,0,0,0,0.07692307692307693,0,0,0,0.07692307692307693,0,0,0,0,0,0,0,0,0,0,0,0,0,0.07692307692307693,0,0,0,0,0,0,0,0,0,0,0,0,0,0,0,0,0.07692307692307693,0,0,0,0,0.3076923076923077,0,0,0,0,0,0,0,0,0,0,0.07692307692307693,0,0,0,0,0,0,0,0,0,0,0,0,0,0,0,0,0,0,0,0,0.15384615384615385,0,0,0,0,0,0,0,0.07692307692307693,0,0,0,0,0,0,0,0,0,0,0,0,0,0,0,0,0,0,0,0,0,0,0,0,0,0,0,0,0,0,0,0,0
2008,0,0,0,0,0,0,0,0,0,0,0,0,0,0,0,0,0,0,0,0,0,0,0,0,0,0,0,0,0,0,0,0,0,0,0,0,0,0,0,0,0,0,0,0,0,0,0,0,0,0,0,0.125,0,0,0,0,0,0,0,0,0,0,0,0,0,0,0,0,0,0,0,0,0,0,0,0,0,0,0,0,0,0,0,0,0,0,0,0,0,0,0,0,0,0,0,0,0,0,0,0,0,0,0,0,0,0,0,0,0,0,0,0,0,0,0,0,0,0,0,0,0,0,0,0,0,0,0,0,0,0,0,0,0,0,0,0,0,0,0,0,0,0,0,0,0,0,0,0,0,0,0,0,0,0,0,0,0,0.125,0,0,0,0,0,0,0.125,0,0,0,0,0,0,0.125,0,0,0,0,0,0,0,0,0,0.125,0,0,0,0,0.125,0,0,0,0,0,0,0,0,0,0,0,0,0,0,0,0,0,0,0,0,0,0,0,0,0,0,0,0,0,0,0,0,0,0,0.125,0,0,0,0,0,0,0,0,0,0,0,0,0,0,0,0,0,0,0,0,0,0,0,0,0,0,0,0,0,0,0.125,0,0
2009,0,0.02,0,0,0,0,0,0,0,0,0,0,0,0,0,0,0,0,0.02,0,0,0,0,0,0,0.02,0,0,0,0,0,0,0,0,0,0,0,0,0,0,0,0,0,0.02,0,0,0,0,0.02,0,0,0,0,0,0,0,0,0,0,0.02,0,0.02,0,0,0,0,0,0,0,0,0,0,0,0,0,0,0,0,0,0,0,0,0,0,0,0.02,0.04,0,0,0,0,0,0,0,0.02,0,0,0,0,0.02,0,0.02,0,0,0,0,0.06,0,0,0,0,0,0,0,0,0,0,0,0,0,0.02,0.02,0.06,0,0,0,0,0,0,0,0,0.02,0,0,0,0,0,0,0,0,0.02,0,0.02,0,0,0,0,0,0,0,0,0,0,0,0,0,0,0.04,0,0.02,0,0,0.02,0,0,0,0,0,0,0,0,0.02,0,0,0,0.02,0.02,0,0.02,0,0,0.06,0,0.04,0,0,0,0,0,0,0,0,0,0,0,0,0,0.04,0,0,0,0,0.02,0.02,0,0.02,0.02,0,0,0,0,0,0,0,0.02,0,0,0,0,0,0,0.02,0,0,0,0,0,0,0,0.02,0,0,0,0,0.02,0,0,0,0,0,0,0,0,0,0,0,0,0,0.02,0.02,0,0.02,0,0,0
2010,0,0,0,0.045454545454545456,0,0,0,0,0,0,0,0,0,0,0,0,0,0,0.045454545454545456,0,0,0,0.045454545454545456,0,0,0,0,0,0.045454545454545456,0,0,0,0,0,0,0,0,0,0,0,0,0,0,0,0,0,0,0,0,0,0,0,0,0,0,0,0,0,0,0,0,0,0,0,0,0,0,0,0,0,0,0,0,0,0,0,0,0,0,0,0,0,0,0,0,0,0,0,0,0,0.045454545454545456,0,0,0,0,0.045454545454545456,0,0.045454545454545456,0,0,0,0,0.045454545454545456,0.045454545454545456,0,0,0,0,0,0,0,0,0,0,0,0,0,0,0,0,0.045454545454545456,0,0,0,0,0,0,0,0,0,0,0.045454545454545456,0,0,0,0,0,0,0,0,0,0,0,0,0,0,0,0,0,0.045454545454545456,0,0,0,0,0,0,0,0,0,0,0,0,0,0,0,0,0,0,0,0,0,0,0,0,0,0,0,0,0,0,0,0.045454545454545456,0.045454545454545456,0,0,0,0,0,0,0,0,0,0,0,0,0,0,0,0,0,0,0,0,0,0,0.045454545454545456,0,0,0.045454545454545456,0,0,0.045454545454545456,0,0.045454545454545456,0.09090909090909091,0,0,0.045454545454545456,0,0,0,0.045454545454545456,0,0,0,0,0,0,0,0,0,0,0,0,0,0,0,0,0,0,0,0,0,0,0,0,0,0,0,0,0,0,0,0,0
2011,0,0,0,0,0,0.05,0.05,0,0,0,0,0,0,0.05,0,0,0,0,0,0,0,0,0,0,0,0,0,0,0,0,0,0,0,0,0,0,0,0,0,0,0,0,0,0,0,0,0,0,0,0,0.1,0,0,0,0,0,0,0,0,0.05,0,0,0,0,0,0,0.05,0,0,0,0.05,0,0,0,0,0,0,0,0,0,0,0,0,0,0,0,0,0.05,0,0,0,0,0,0,0.1,0,0,0,0,0,0,0,0,0,0.05,0,0,0,0,0,0,0,0,0,0,0,0,0,0,0,0,0,0,0,0,0,0,0,0,0,0,0,0,0,0,0,0,0,0,0,0,0,0,0,0,0,0,0,0.05,0,0,0,0,0,0,0,0,0,0,0,0,0,0,0,0,0,0,0,0,0,0,0.05,0,0,0,0,0,0,0,0,0,0,0,0,0,0,0,0,0,0,0,0.05,0,0,0,0,0,0,0,0,0,0,0,0,0,0.05,0,0,0.05,0,0,0,0,0,0,0,0,0.05,0,0,0,0,0,0,0,0,0,0,0,0,0,0,0,0,0,0,0,0,0,0,0,0,0,0,0,0,0,0.05,0,0,0,0,0,0.05,0
2012,0,0.05263157894736842,0,0,0,0,0,0,0,0,0,0,0.05263157894736842,0,0,0,0,0,0,0,0,0,0,0,0,0,0,0,0,0,0,0,0,0,0,0,0,0,0,0,0,0,0,0.05263157894736842,0,0.05263157894736842,0,0,0,0,0,0,0,0,0,0,0,0,0,0.05263157894736842,0,0,0,0,0,0.05263157894736842,0,0,0,0,0,0,0.05263157894736842,0.05263157894736842,0,0,0,0,0,0,0,0,0,0,0,0,0,0,0,0,0.05263157894736842,0,0,0,0,0,0,0,0,0,0,0,0,0,0,0,0,0,0,0,0,0,0,0,0,0,0,0,0,0,0,0,0,0,0,0,0,0,0,0.05263157894736842,0,0,0,0,0,0,0.05263157894736842,0,0,0,0,0,0,0,0,0,0,0,0,0,0,0,0,0,0,0,0,0,0,0,0.05263157894736842,0,0,0,0,0,0,0,0.05263157894736842,0,0,0.15789473684210525,0,0,0,0,0,0,0,0,0,0.05263157894736842,0,0,0.05263157894736842,0,0,0,0,0,0,0,0,0,0,0,0.05263157894736842,0,0,0,0,0,0,0,0,0,0,0,0,0,0,0,0,0,0,0,0,0,0,0,0,0,0,0,0,0,0,0,0,0,0,0,0,0,0,0,0,0,0,0,0,0,0,0,0,0,0,0,0,0,0,0,0,0,0
2013,0,0.037037037037037035,0,0,0,0,0,0,0,0.037037037037037035,0,0,0.037037037037037035,0.037037037037037035,0,0,0,0,0,0,0,0,0,0,0,0,0,0,0,0,0,0,0,0,0,0,0,0,0,0.037037037037037035,0,0,0,0,0,0,0,0,0,0,0,0,0,0,0,0,0,0,0,0,0,0,0,0,0,0,0,0,0,0,0,0,0,0.037037037037037035,0,0,0,0,0,0,0,0,0,0,0,0,0,0,0,0,0,0,0,0,0.037037037037037035,0,0,0,0,0,0,0.037037037037037035,0,0,0,0,0,0,0,0,0,0,0.037037037037037035,0,0,0,0,0.037037037037037035,0,0,0,0,0,0,0,0,0,0,0.037037037037037035,0.037037037037037035,0,0.037037037037037035,0,0,0,0,0.037037037037037035,0.037037037037037035,0,0,0,0.037037037037037035,0.037037037037037035,0,0,0,0,0,0,0,0,0,0,0,0,0,0,0,0,0,0,0,0,0,0,0,0,0,0,0,0,0,0,0,0,0,0.037037037037037035,0,0,0,0.037037037037037035,0,0.037037037037037035,0,0,0,0,0,0,0,0,0.037037037037037035,0,0,0,0,0,0,0,0,0,0,0,0,0,0,0,0,0.037037037037037035,0,0,0,0,0,0,0,0.037037037037037035,0,0,0,0,0,0.037037037037037035,0,0,0,0,0.037037037037037035,0,0,0,0,0,0,0,0,0,0,0.037037037037037035,0,0,0.037037037037037035,0,0,0,0,0,0,0,0,0,0,0,0,0
2014,0,0,0,0,0,0,0,0,0,0,0.038461538461538464,0,0,0,0,0,0,0,0.038461538461538464,0,0,0,0,0,0,0,0,0,0,0,0,0,0,0,0.038461538461538464,0,0,0,0,0,0,0,0,0.038461538461538464,0,0,0,0,0.038461538461538464,0,0,0.038461538461538464,0,0,0,0,0,0,0,0,0,0,0,0,0,0,0,0,0,0,0.038461538461538464,0,0,0,0,0,0,0,0,0,0,0,0,0,0,0,0,0,0.038461538461538464,0,0,0,0,0.038461538461538464,0,0,0,0,0,0,0.038461538461538464,0,0,0,0,0,0,0,0,0,0,0,0,0,0,0,0,0,0,0,0,0,0,0,0,0,0,0,0,0.11538461538461539,0,0,0,0,0,0,0,0,0,0,0,0,0,0,0,0,0,0.038461538461538464,0,0,0,0,0,0,0,0,0,0,0,0,0,0,0.038461538461538464,0,0,0,0,0,0,0,0,0,0,0,0,0.038461538461538464,0,0,0,0,0,0,0,0,0,0,0,0,0,0,0,0,0,0,0,0,0,0,0,0,0,0,0,0,0,0,0,0,0,0,0,0,0,0.038461538461538464,0,0,0,0.038461538461538464,0,0,0,0.038461538461538464,0,0.038461538461538464,0,0.038461538461538464,0,0,0,0,0,0,0,0,0,0,0,0,0.038461538461538464,0,0,0,0.038461538461538464,0,0,0,0,0,0.038461538461538464,0.07692307692307693,0,0,0,0,0
2015,0,0,0,0.045454545454545456,0,0,0,0,0,0.045454545454545456,0,0,0,0,0,0,0,0,0,0,0,0,0,0,0,0,0,0,0,0,0,0,0,0,0,0,0,0,0,0,0,0,0,0.045454545454545456,0,0,0,0,0,0,0,0,0,0,0,0,0,0,0,0,0.045454545454545456,0,0,0,0,0,0,0,0,0,0,0,0.045454545454545456,0,0,0,0,0,0,0,0,0,0,0,0,0,0,0,0,0,0,0,0,0.13636363636363635,0,0,0,0,0,0,0,0,0,0,0,0,0,0,0.045454545454545456,0,0,0,0,0,0,0,0,0,0,0,0,0,0,0,0,0,0.045454545454545456,0,0,0.045454545454545456,0,0,0,0,0,0,0,0,0,0,0,0,0,0,0,0.045454545454545456,0,0,0,0,0.045454545454545456,0.045454545454545456,0,0,0,0,0,0,0.045454545454545456,0,0,0,0.045454545454545456,0,0,0,0,0,0,0,0,0,0,0,0,0.045454545454545456,0.045454545454545456,0,0,0,0,0,0,0,0,0,0,0,0,0,0,0,0,0,0,0,0,0,0,0,0,0,0,0,0,0,0.045454545454545456,0,0,0,0.045454545454545456,0,0,0,0,0,0,0,0,0,0,0,0,0.045454545454545456,0,0,0,0,0.045454545454545456,0,0,0,0,0,0,0,0,0,0,0,0,0,0,0,0,0,0,0,0,0,0,0,0,0,0
2016,0.03571428571428571,0,0,0,0,0,0,0,0,0.03571428571428571,0,0,0,0,0,0,0,0,0,0,0,0,0,0,0,0,0,0,0,0,0,0,0,0,0,0,0,0,0,0,0,0,0,0,0,0,0.03571428571428571,0,0,0,0,0.03571428571428571,0,0,0,0,0,0,0,0,0,0.03571428571428571,0,0,0,0,0,0,0,0,0,0,0,0,0,0,0,0,0,0,0,0,0,0,0,0,0,0,0.03571428571428571,0,0,0,0,0.07142857142857142,0,0,0,0,0,0,0,0,0,0,0,0,0,0,0.03571428571428571,0,0,0,0,0,0,0,0,0,0,0,0,0,0,0,0,0,0.10714285714285714,0,0,0.07142857142857142,0,0,0,0.03571428571428571,0,0,0.03571428571428571,0,0,0,0.03571428571428571,0,0,0,0,0,0,0,0,0,0,0,0.03571428571428571,0,0,0,0,0,0.03571428571428571,0,0,0,0,0,0,0,0,0,0,0,0,0,0,0,0,0,0,0,0,0,0,0,0,0,0,0,0,0,0,0,0,0,0,0,0,0,0,0,0.03571428571428571,0,0,0,0.03571428571428571,0,0,0,0,0,0,0.07142857142857142,0,0,0,0,0.07142857142857142,0,0,0,0,0,0,0.03571428571428571,0,0,0,0,0,0,0,0,0,0,0,0,0,0,0,0,0.03571428571428571,0,0,0,0,0,0,0,0,0,0,0,0,0,0,0,0.03571428571428571
2017,0,0,0,0,0,0,0,0,0,0,0,0,0,0.08333333333333333,0,0,0,0,0,0,0,0,0,0,0,0,0,0.08333333333333333,0,0,0,0,0,0,0,0,0,0,0,0,0,0,0,0,0,0,0,0,0,0,0,0,0,0,0,0,0,0,0,0,0,0,0,0,0,0,0,0,0,0,0,0,0,0,0,0,0,0,0,0,0,0,0,0,0,0,0,0,0,0,0,0,0,0.08333333333333333,0.08333333333333333,0,0,0,0,0,0,0,0,0,0,0,0,0,0,0,0,0,0,0,0,0.08333333333333333,0,0,0,0,0,0,0.08333333333333333,0,0,0,0.08333333333333333,0,0,0,0,0,0,0,0,0,0,0,0,0,0,0,0,0,0,0,0,0,0,0,0,0,0,0,0,0,0,0,0,0,0,0,0,0,0,0,0,0,0,0,0,0,0,0,0,0,0,0,0,0.08333333333333333,0,0,0,0,0,0,0,0,0,0,0,0,0,0,0,0,0,0,0,0,0,0,0,0,0.08333333333333333,0,0,0,0,0,0,0,0,0,0,0,0,0,0,0,0,0,0,0,0.08333333333333333,0,0.08333333333333333,0,0,0,0,0,0,0,0,0.08333333333333333,0,0,0,0,0,0,0,0,0,0,0,0,0,0,0,0,0,0,0
